,Unnamed: 0,mapping,epap,user,meaning,meaning_status,similarity
0,0,False,False,k,False,False,0.5252144082332763
1,1,True,True,Merge the whole XOR and task D into a subprocess F.,Encapsulate the XOR gateway and task D into a new subprocess named F.,True,0.5794871794871795
2,2,True,True,change all to one subprocess F except the task A,"The modification means that all elements in the existing process, except for task A, are encapsulated into a single subprocess named F.",True,0.5794871794871795
3,3,True,True,create subprocess F and replace everything after task A with it,Replace all elements following task A with a new subprocess named F.,True,1.0
4,4,True,False,"In the new model, after task A, there is one subprocess F.",A new subprocess F has been inserted after task A.,True,0.5794871794871795
5,5,True,False,Keep only task A and let it follow a sub-process F.,Keep only task A and let it follow a sub-process F.,True,1.0
6,6,True,True,"Combine tasks B, C, and D into subprocess F ","Combine tasks B, C, and D into subprocess F.",True,0.8076923076923077
7,7,True,False,"Remove the or-block of the input process model, including the two or-gates and both task B and C, and replace it with a task called 'subprocess F'. Furthermore remove task D. The resulting proces model only consists of the start and end event as well as task A followed by subprocess F.","The process model now consists of the start event, followed by task A, then subprocess F, and finally the end event.",True,1.0
8,8,True,True,encapsulate everything after task A in subproces F,Encapsulate all elements following task A into a new subprocess named F.,True,0.5794871794871795
9,9,True,True,"Move everything after task a into a separate subprocess F, which then included the Or Condition,Task B, Task C and Task D","The process fragment starting after Task A, which includes the OR condition, Task B, Task C, and Task D, is encapsulated into a separate subprocess named Subprocess F.",True,1.0
10,10,True,True,group everything except task a into a subprocess F,"Encapsulate all elements of the process, except for task a, into a new subprocess named F.",True,0.5794871794871795
11,11,True,True,"Call the process coming after task A subprocess F, and while presenting the flow, use subprocess F for notation.",Extract the process fragment following task A and encapsulate it in a separate subprocess named F.,True,0.0
12,12,True,True,summarize everything after task a into subprocess f,Summarize all elements following task a into subprocess f.,True,1.0
13,13,True,True,remove the optional paths B and C as well as D and make a subprocess F out of them,"Extract the optional paths B, C, and D from the existing process and encapsulate them into a separate subprocess named F.",True,0.0
14,14,True,True,Please replace the current condition with a subprocess F.,,True,0.0
15,15,True,True,subprocess introduced for taskB and C incl. the boolean operator,"A subprocess has been introduced to encapsulate task B and task C, including the boolean operator connecting them.",True,0.5670673076923077
16,16,True,True,Summarize everything after task A into an Subprocess.,Summarize all tasks and events following task A into a Subprocess.,True,1.0
17,17,True,False,"After 'task A' and before the 'end place', replace all elements with a transition 'subprocess F'.",Replace all elements after 'task A' and before the 'end place' with a transition to 'subprocess F'.,True,1.0
18,18,True,True,Introduce a subprocess F instead of all tasks after task A,All tasks following task A are now encapsulated within a new subprocess named F.,True,0.5794871794871795
19,19,True,True,Please summarize the xor section together with task D to a subprocess F and insert it into the model.,The XOR section together with Task D will be summarized into a new subprocess named Subprocess F and inserted into the model.,True,1.0
20,20,True,True,embed XOR block containing tasks B and C as well as task D into complex task with label subprocess F,"The XOR block containing tasks B and C, as well as task D, is encapsulated into a new sub process labeled as subprocess F.",True,0.5794871794871795
21,21,True,True,"please only keep the start, end and task A in the model, and then add subprocess F after task A.","The process will now start, execute task A, then proceed to subprocess F, and finally end.",True,1.0
22,22,True,True,Make everything besides task A into a subprocess F,Everything besides task A is encapsulated into a subprocess named F.,True,1.0
23,23,True,True,Creating a subprocess for tasks b - d,"A subprocess has been created to encapsulate tasks b, c, and d.",True,0.49333333333333335
24,24,False,False,.,False,False,0.5252144082332763
25,25,True,True,Abstract the XOR fragment and task D into a subprocess F. ,The XOR fragment and task D are encapsulated into a separate subprocess named F.,True,0.4666872068741228
26,26,True,False,"Now directly after task A we have ""subprocess F"". Please delete all the rest. ","All tasks and elements following task A are removed, and subprocess F is placed directly after task A.",True,1.0
27,27,True,False,"fuck the original process. create a new process with task A at the beginning, followed by subprocess F.",,True,1.0
28,28,True,True,transform everything except task A into a subprocess,"Transform all elements of the process, except task A, into a separate subprocess.",True,0.0
29,29,True,True,"Simplify the process to only show task A and the rest as ""subprocess F"".","Task A will be shown explicitly, and the remaining process will be encapsulated in a separate subprocess named ""subprocess F"".",True,1.0
30,30,True,False,"Please insert subprocess F after task A and remove task B, C and D","Insert subprocess F after task A and remove tasks B, C, and D.",True,1.0
31,31,True,True,"Store all operations after task A with a new task called ""subprocess F"".","All operations following task A are encapsulated into a new sub process named ""subprocess F"".",True,0.5794871794871795
32,32,True,False,Replace everything except task A with a subprocess F.,"Replace the entire process, except for task A, with subprocess F.",True,1.0
33,33,True,True,Display the process from the Split Gateway to the end of the process as subprocess F,The process fragment from the Split Gateway to the end of the process is encapsulated in a separate subprocess named F.,True,0.5794871794871795
34,34,True,False,After task A add subprocess F. Then end the process. Remove all other tasks.,Remove all tasks except task A. Add subprocess F after task A. End the process after subprocess F.,True,1.0
35,35,True,True,"summarize tasks b,c and d and their paths in subprocess F ","Tasks b, c, and d, along with their paths, are encapsulated into a new subprocess named F.",True,1.0
36,36,True,False,"instead of a condition to either b or c, we now have a subprocess F sequentially executed",A subprocess F is now executed sequentially instead of a condition leading to either b or c.,True,0.5294117647058824
37,37,True,False,"replace the conditional logic and task d with ""subprocess F"" ","Replace the conditional logic and task D with ""Subprocess F"".",True,0.6236363636363637
38,38,False,False,I don't know. ,False,False,0.5252144082332763
39,39,True,False,create a new process flow with task A followed by subporcess F and then the endpoint,Insert a new process fragment consisting of task A followed by subprocess F between the existing activities and the endpoint.,True,0.6060305931550567
40,40,True,False,Subprocess F follows task A. It seems to be black box. ,Subprocess F is inlined after task A.,True,0.5794871794871795
41,41,True,False,delete everthying after task a and replace it with the subprocess F which results in the end,"Replace everything after task A with subprocess F, which leads directly to the end event.",True,1.0
42,42,True,False,Please replace everything after task A with subprocess F,Replace all elements following task A with subprocess F.,True,1.0
43,43,True,True,Everything after task a is called subprocess F,Everything after task a is now encapsulated in a separate subprocess named F.,True,0.5794871794871795
44,44,True,True,put every process following task A into a subprocess called subprocess F,Every process following task A is encapsulated into a subprocess called subprocess F.,True,0.5794871794871795
45,45,True,False,Replace all process between task A and end state to a new subprocess F ,Replace all tasks and events between task A and the end state with a new subprocess F.,True,1.0
46,46,True,True,Encapsulating decision logic into a subprocess,Encapsulate the decision logic into a separate subprocess.,True,0.5794871794871795
47,47,True,True,Merge everythingt that comes after task A into a subprocess F,Merge everything that comes after task A into a subprocess named F.,True,1.0
48,48,True,True,Abstract the process after Task a into subprocess F.,The process fragment following Task a is encapsulated into Subprocess F.,True,0.5794871794871795
49,49,True,False,substitute everything but task A and start-point and endpoint with a subprocess F,"Substitute all elements except task A, the start-point, and the endpoint with subprocess F.",True,1.0
50,50,True,False,replace everything behind task A with subprocess F.,Replace all elements that come after task A with subprocess F.,True,1.0
51,51,True,False,Replace the whole XOR branch and task D with a subprocess called F.,Replace the entire XOR branch and task D with a subprocess named F.,True,1.0
52,52,True,False,replace everything After a exept the endevent with subprocess F,"Replace everything after activity A with subprocess F, keeping the end event intact.",True,1.0
53,53,True,False,"replace everything after taks A with ""subprocess F""",Replace all elements that come after task A with subprocess F.,True,1.0
54,54,True,True,Create a new subprocess F that contains all elements between task A and task D,A new subprocess F is created to encapsulate all elements between task A and task D.,True,0.4158501934202869
55,55,True,False,Merge tasks  except A into a new subprocess F,Merge all tasks except task A into a new subprocess named F.,True,0.8076923076923077
56,56,True,True,Compress the task other than task A in to sub process F,Compress all tasks except for task A into a new sub process named F.,True,1.0
57,57,True,True,"Put the whole Process Model except for Task A into a subprocess F keeping the Overall functionality resulting in an Output
Process Model with Start -> Task A -> Subprocess F -> End","The entire process model, except for Task A, is encapsulated into a subprocess named F, resulting in a new process model with the sequence: Start -> Task A -> Subprocess F -> End.",True,1.0
58,58,True,False,The output PM can only have two tasks. ,"The process model should be modified to delete an entire branch inside the selected gateways, resulting in a final model that contains only two tasks.",True,0.5808080808080809
59,59,True,True,"Simplify everything after task A but before the end of the process with ""subprocess F"".","Replace all tasks and events after task A and before the end of the process with a subprocess named ""subprocess F"".",True,1.0
60,60,True,True,Change the flow and put ecerything after Task A into a subprocess F,Everything after Task A will be encapsulated into a subprocess named F.,True,0.5794871794871795
61,61,True,True,all tasks after task a are subprocess f,All tasks following task a are encapsulated into a separate subprocess named subprocess f.,True,0.5794871794871795
62,62,True,False,Make a new process task A directly leads to subprocess F.,,True,0.5794871794871795
63,63,True,False,Delete evertything after task A. Then add a subprocess F after A.,Delete everything after task A. Then add a subprocess F after A.,True,1.0
